GROUP,ANIMAL,0,25,50,75,100,125,150,175,200,225,250,275,300
PRE,0,0.0,-0.14037701955702686,-0.2757640304840634,-0.40185619152195784,-0.5155283175306664,-0.6150339588527138,-0.6999208549312312,-0.7707578921926648,-0.8287911424939043,-0.875621328054055,-0.912952142003582,-0.9424216576113811,-0.9655067231012888
POST,0,-0.010000000000000009,-0.1517222040102535,-0.28840658186274926,-0.4157070404926366,-0.5304684471909811,-0.6309276166769482,-0.7166279545370893,-0.7881437986398234,-0.8467331615179061,-0.8940121045581346,-0.9317006467933144,-0.9614525585822322,-0.98475884027474
PRE,1,-0.050000000000000044,-0.19710294182315935,-0.3389767873774927,-0.47111043637535177,-0.5902289658322399,-0.6945022479738863,-0.7834563529605216,-0.8576874244284582,-0.9185012376139139,-0.9675752105744528,-1.0066946659522442,-1.0375761624656368,-1.0617673089685453
POST,1,-0.06000000000000005,-0.20844812627638576,-0.35161933875617857,-0.48496128534603056,-0.6051690954925548,-0.7103959057981208,-0.8001634525663797,-0.8750733308756169,-0.9364432566379157,-0.9859659870785327,-1.0254431707419769,-1.056607063436488,-1.081019426141997
PRE,2,-0.10000000000000009,-0.2538288640892916,-0.4021895442709218,-0.5403646812287457,-0.6649296141338137,-0.7739705370950589,-0.8669918509898118,-0.9446169566642519,-1.0082113327339235,-1.059529093094851,-1.1004371899009067,-1.1327306673198925,-1.1580278948358023
POST,2,-0.1100000000000001,-0.265174048542518,-0.41483209564960766,-0.5542155301994245,-0.6798697437941283,-0.7898641949192935,-0.88369895059567,-0.9620028631114106,-1.0261533517579255,-1.0779198695989305,-1.1191856946906389,-1.1517615682907436,-1.1772800120092535
PRE,3,-0.1499999999999999,-0.31055478635542366,-0.4654023011643509,-0.6096189260821394,-0.739630262435387,-0.8534388262162313,-0.950527349019102,-1.0315464889000452,-1.0979214278539329,-1.1514829756152485,-1.1941797138495682,-1.2278851721741477,-1.2542884807030583
POST,3,-0.15999999999999992,-0.32189997080865007,-0.47804485254303675,-0.6234697750528182,-0.7545703920957016,-0.8693324840404657,-0.96723444862496,-1.0489323953472038,-1.1158634468779345,-1.1698737521193279,-1.212928218639301,-1.2469160731449989,-1.2735405978765095
PRE,4,-0.19999999999999996,-0.36728070862155615,-0.52861505805778,-0.6788731709355333,-0.8143309107369605,-0.932907115337404,-1.0340628470483921,-1.1184760211358384,-1.1876315229739423,-1.2434368581356463,-1.2879222377982307,-1.3230396770284034,-1.3505490665703148
POST,4,-0.20999999999999996,-0.37862589307478256,-0.5412576094364658,-0.6927240199062121,-0.8292710403972752,-0.9488007731616384,-1.0507699466542502,-1.1358619275829975,-1.2055735419979443,-1.2618276346397261,-1.306670742587963,-1.3420705779992546,-1.369801183743766
PRE,5,-0.25,-0.4240066308876884,-0.5918278149512093,-0.7481274157889273,-0.889031559038534,-1.0123754044585767,-1.1175983450776827,-1.2054055533716321,-1.277341618093952,-1.3353907406560446,-1.3816647617468927,-1.418194181882659,-1.4468096524375713
POST,5,-0.26,-0.4353518153409148,-0.6044703663298951,-0.7619782647596063,-0.9039716886988489,-1.028269062282811,-1.1343054446835408,-1.2227914598187908,-1.2952836371179537,-1.353781517160124,-1.4004132665366253,-1.4372250828535102,-1.466061769611023
PRE,6,-0.30000000000000004,-0.4807325531538207,-0.6550405718446384,-0.8173816606423214,-0.9637322073401078,-1.0918436935797493,-1.201133843106973,-1.2923350856074258,-1.3670517132139615,-1.4273446231764424,-1.4754072856955551,-1.5133486867369144,-1.5430702383048283
POST,6,-0.31000000000000005,-0.4920777376070473,-0.6676831232233242,-0.8312325096130002,-0.9786723370004224,-1.1077373514039837,-1.217840942712831,-1.3097209920545845,-1.3849937322379635,-1.4457353996805218,-1.4941557904852878,-1.5323795877077655,-1.5623223554782795
PRE,7,-0.34999999999999987,-0.537458475419953,-0.7182533287380675,-0.8866359054957149,-1.038432855641681,-1.1713119827009215,-1.284669341136263,-1.379264617843219,-1.4567618083339708,-1.5192985056968398,-1.5691498096442171,-1.6085031915911696,-1.6393308241720843
POST,7,-0.3599999999999999,-0.5488036598731794,-0.7308958801167533,-0.9004867544663937,-1.0533729853019957,-1.1872056405251559,-1.301376440742121,-1.3966505242903777,-1.474703827357973,-1.5376892822009196,-1.5878983144339494,-1.6275340925620208,-1.6585829413455355
PRE,8,-0.40000000000000013,-0.5941843976860854,-0.781466085631497,-0.9558901503491093,-1.1131335039432548,-1.2507802718220946,-1.3682048391655537,-1.4661941500790128,-1.5464719034539807,-1.6112523882172385,-1.6628923335928796,-1.7036576964454258,-1.7355914100393413
POST,8,-0.41000000000000014,-0.6055295821393119,-0.7941086370101829,-0.9697409993197883,-1.1280736336035695,-1.266673929646329,-1.3849119387714117,-1.4835800565261719,-1.5644139224779827,-1.6296431647213179,-1.6816408383826122,-1.722688597416277,-1.7548435272127925
PRE,9,-0.44999999999999996,-0.6509103199522175,-0.8446788425249259,-1.025144395202503,-1.1878341522448281,-1.3302485609432668,-1.4517403371948439,-1.553123682314806,-1.63618199857399,-1.7032062707376359,-1.7566348575415416,-1.798812201299681,-1.8318519959065973
POST,9,-0.45999999999999996,-0.6622555044054441,-0.8573213939036117,-1.0389952441731818,-1.2027742819051428,-1.3461422187675012,-1.4684474368007019,-1.5705095887619651,-1.654124017597992,-1.7215970472417153,-1.7753833623312738,-1.8178431022705321,-1.851104113080049
