Group,Animal,0,25,50,75,100,125,150,175,200,225,250,275,300
Pre-LTP fEPSP slope,1,0.033014,-0.108973,-0.198084,-0.239905,-0.250524,-0.282005,-0.312578,-0.303785,-0.305061,-0.341012,-0.340393,-0.352531,-0.352035
Pre-LTP fEPSP slope,1,-0.0153668,-0.0621197,-0.13608,-0.1641,-0.183035,-0.218783,-0.23691,-0.255681,-0.272006,-0.291401,-0.316848,-0.320205,-0.3135
Pre-LTP fEPSP slope,1,-0.0123015,-0.207702,-0.376169,-0.647962,-0.694749,-0.845258,-0.841082,-0.826929,-0.819408,-0.895529,-0.87628,-0.886307,-0.867335
Pre-LTP fEPSP slope,1,-0.0333169,-0.0180536,-0.0408523,-0.061361,-0.0702134,-0.0694241,-0.0950955,-0.100882,-0.107725,-0.109515,-0.0892031,-0.112837,-0.102778
Pre-LTP fEPSP slope,2,-0.136053,-0.107755,-0.316754,-0.396951,-0.564039,-0.445224,-0.49494,-0.580093,-0.5805,-0.638724,-0.684296,-0.681966,-0.741411
Pre-LTP fEPSP slope,3,0.0187098,-0.0893821,-0.154713,-0.191453,-0.214532,-0.22946,-0.229286,-0.241433,-0.225862,-0.232264,-0.268082,-0.261529,-0.239474
Pre-LTP fEPSP slope,3,-0.0195313,-0.105169,-0.151087,-0.193018,-0.22349,-0.23962,-0.310765,-0.266545,-0.302331,-0.319549,-0.331967,-0.368037,-0.383209
Pre-LTP fEPSP slope,4,-0.0514545,-0.158654,-0.265078,-0.349232,-0.365434,-0.340428,-0.374978,-0.425692,-0.41097,-0.43568,-0.452844,-0.506962,-0.543842
Pre-LTP fEPSP slope,3,0.0526753,-0.169715,-0.190763,-0.242735,-0.309504,-0.277876,-0.385853,-0.303326,-0.348788,-0.38626,-0.426026,-0.471081,-0.422363
Pre-LTP fEPSP slope,3,-0.0718365,-0.0563373,-0.135979,-0.146114,-0.223389,-0.2117,-0.248099,-0.28472,-0.27869,-0.322636,-0.335619,-0.36229,-0.381451
Pre-LTP fEPSP slope,4,0.0187695,-0.0730815,-0.156144,-0.215826,-0.262543,-0.313987,-0.304212,-0.359006,-0.350057,-0.470912,-0.487845,-0.495417,-0.546884
Pre-LTP fEPSP slope,5,-0.0184489,-0.0880881,-0.154837,-0.19646,-0.217248,-0.276907,-0.29781,-0.325093,-0.364788,-0.387963,-0.450926,-0.442482,-0.45859
Pre-LTP fEPSP slope,5,0.0179582,0.0138268,-0.0659656,-0.0784305,-0.0917638,-0.106623,-0.103901,-0.100896,-0.104699,-0.116436,-0.121812,-0.108244,-0.113126
Pre-LTP fEPSP slope,6,-0.00697545,-0.0350824,-0.0513328,-0.055889,-0.0457764,-0.0560515,-0.0561028,-0.0500933,-0.0491872,-0.0545726,-0.050931,-0.0432803,-0.0528202
Pre-LTP fEPSP slope,6,-0.0115145,-0.0475488,-0.0879141,-0.105415,-0.115474,-0.124207,-0.12693,-0.138972,-0.16537,-0.137047,-0.165851,-0.17368,-0.18543
Pre-LTP fEPSP slope,7,-0.0274658,-0.0893333,-0.149721,-0.152865,-0.159246,-0.167477,-0.185695,-0.251261,-0.263191,-0.207612,-0.231194,-0.22657,-0.235818
Pre-LTP fEPSP slope,7,0.0238592,-0.0647343,-0.119943,-0.153698,-0.176077,-0.175985,-0.15342,-0.189856,-0.220004,-0.217045,-0.177557,-0.200306,-0.212883
Pre-LTP fEPSP slope,8,0.0402277,-0.159061,-0.23776,-0.292876,-0.255423,-0.365934,-0.447869,-0.61738,-0.724099,-0.821293,-0.899066,-0.826564,-0.781712
Post-LTP fEPSP slope,1,-0.0191549,-0.200677,-0.26877,-0.376284,-0.438462,-0.456125,-0.468599,-0.433772,-0.482008,-0.448484,-0.505752,-0.496092,-0.485092
Post-LTP fEPSP slope,1,-0.0133573,-0.096182,-0.183326,-0.207994,-0.261817,-0.269635,-0.308584,-0.303453,-0.359107,-0.351774,-0.387362,-0.350924,-0.356304
Post-LTP fEPSP slope,1,0.026858,-0.135858,-0.207412,-0.289536,-0.369234,-0.440505,-0.477038,-0.522118,-0.545424,-0.581982,-0.581062,-0.605457,-0.645562
Post-LTP fEPSP slope,1,-0.0158187,-0.0635133,-0.135406,-0.17557,-0.294258,-0.444965,-0.549174,-0.582877,-0.647473,-0.622517,-0.70787,-0.714685,-0.771962
Post-LTP fEPSP slope,2,-0.0643274,-0.314017,-0.490427,-0.577356,-0.735825,-1.0053,-1.00464,-1.11975,-1.12264,-1.12512,-1.17187,-1.22814,-1.17088
Post-LTP fEPSP slope,3,-0.0271537,-0.0577218,-0.121276,-0.136241,-0.152611,-0.146365,-0.135512,-0.133869,-0.178626,-0.180577,-0.178668,-0.164428,-0.10822
Post-LTP fEPSP slope,3,-0.0769413,-0.621967,-0.898771,-1.32986,-1.51293,-1.48105,-1.68072,-1.57153,-1.5982,-1.55599,-1.4472,-1.58255,-1.53809
Post-LTP fEPSP slope,4,-0.0486431,-0.132687,-0.338912,-0.428948,-0.465569,-0.453658,-0.468676,-0.482474,-0.475519,-0.524384,-0.567183,-0.558416,-0.591634
Post-LTP fEPSP slope,3,-0.0769413,-0.621967,-0.898771,-1.32986,-1.51293,-1.48105,-1.68072,-1.57153,-1.5982,-1.55599,-1.4472,-1.58255,-1.53809
Post-LTP fEPSP slope,3,-0.0311095,-0.2444,-0.403646,-0.492831,-0.542954,-0.615382,-0.690437,-0.716294,-0.778698,-0.761756,-0.784986,-0.835812,-0.792458
Post-LTP fEPSP slope,4,0.0305176,-0.090612,-0.293038,-0.35109,-0.464257,-0.616639,-0.641833,-0.6866,-0.718494,-0.707526,-0.776959,-0.844557,-0.815026
Post-LTP fEPSP slope,5,-0.013286,-0.136595,-0.241388,-0.290422,-0.333261,-0.373209,-0.398588,-0.459232,-0.461388,-0.502507,-0.54335,-0.574832,-0.616042
Post-LTP fEPSP slope,5,-0.0103991,-0.0466214,-0.0990419,-0.135686,-0.150311,-0.167893,-0.175805,-0.181838,-0.192449,-0.179561,-0.183223,-0.160288,-0.172753
Post-LTP fEPSP slope,6,-0.0020858,-0.049871,-0.0759178,-0.0990496,-0.119754,-0.153032,-0.139466,-0.147305,-0.152673,-0.150912,-0.156597,-0.143048,-0.131337
Post-LTP fEPSP slope,6,-0.003533,-0.0252357,-0.0901912,-0.11342,-0.134406,-0.151661,-0.154654,-0.167389,-0.158269,-0.162917,-0.152095,-0.153022,-0.169466
Post-LTP fEPSP slope,7,-0.0208999,-0.0771262,-0.213623,-0.323671,-0.38184,-0.375829,-0.418923,-0.499009,-0.573453,-0.624593,-0.537109,-0.655666,-0.582608
Post-LTP fEPSP slope,7,-0.0177556,-0.160541,-0.255885,-0.293616,-0.377401,-0.414854,-0.396359,-0.461925,-0.411062,-0.399873,-0.387388,-0.414022,-0.475982
Post-LTP fEPSP slope,8,-0.0877612,-0.173395,-0.368245,-0.607577,-0.653816,-0.772835,-0.804092,-0.866792,-0.84136,-0.877149,-0.862445,-0.918209,-0.778753
