group,stimulation,mean,sem,subjects
ANH,0.0,-0.039742926836111116,0.002153758939370598,6
ANH,25.0,-0.2742025504722222,0.027602488238753733,6
ANH,50.0,-0.641711620175,0.08185638893550747,6
ANH,75.0,-0.8027241723861112,0.10747341863125728,6
ANH,100.0,-0.87779485115,0.11734012423762291,6
ANH,125.0,-0.9205475933194444,0.12093873746111061,6
ANH,150.0,-0.9586484293388889,0.1208452718186587,6
ANH,175.0,-0.9636431669472222,0.12298117172523168,6
ANH,200.0,-0.9797879600305556,0.1245931872666934,6
ANH,225.0,-0.9813240864972221,0.1238953825521648,6
ANH,250.0,-0.9754734286722223,0.12961392655585913,6
ANH,275.0,-0.9657317708500002,0.13203019641850863,6
ANH,300.0,-0.9533990586416666,0.13868679817037818,6
RES,0.0,-0.03183436136666667,0.004689825948824172,5
RES,25.0,-0.29271799375,0.028734453453196904,5
RES,50.0,-0.5523700096166666,0.053217029570286935,5
RES,75.0,-0.6277652828,0.05784708735990963,5
RES,100.0,-0.6853441943666667,0.06154666133280202,5
RES,125.0,-0.71921764665,0.06981260160324003,5
RES,150.0,-0.74433238065,0.07500565736183024,5
RES,175.0,-0.75562709495,0.08136391154618304,5
RES,200.0,-0.7706945926000001,0.08394562399094734,5
RES,225.0,-0.7834140374166667,0.09114064734734036,5
RES,250.0,-0.7792818043333334,0.09065110429425347,5
RES,275.0,-0.7856320586333333,0.09553162452387988,5
RES,300.0,-0.7753596966166667,0.10034133254059878,5
