allocation,l2_statistic
1,9.299074490640145
2,0.47290024467834885
3,2.0140841202848927
4,0.23223934415943734
5,3.62987943271388
6,0.4024975310292036
7,9.778275382926576
8,17.310942000547705
9,6.647372180727766
10,21.633743096545064
11,5.269960709276816
12,2.2480976839805185
13,0.0840740017925166
14,3.991718588644255
15,0.2798892415609029
16,0.9873053299499837
17,9.31260114553379
18,0.7130621295924049
19,2.1699415707461602
20,1.1608943803401548
21,1.6062609414663656
22,2.548032210484413
23,5.765701386902551
24,1.0988607321711497
25,8.251441662112281
26,0.4469627239628138
27,0.6577402570971022
28,4.490445739997638
29,0.5643003409732064
30,5.411774443008637
31,1.0786796269521144
32,1.5701854566597528
33,1.5299498898371495
34,0.4242550469606584
35,7.974511305673437
36,0.5860878809234782
37,6.046132586247056
38,0.9971130254531073
39,8.659698453691536
40,0.3707720701433914
41,3.5768296544221685
42,15.657066311392668
43,2.4804302589864875
44,5.629410857999087
45,0.04326663112829148
46,4.243574033641192
47,0.7317445916432667
48,1.7332549196482008
49,1.2085719074269217
50,0.20514560388656022
51,7.270954417200663
52,0.392535490748
53,0.5730781721240295
54,2.7511773165800975
55,0.2904096188595043
56,1.3741562360336155
57,1.8638370373565936
58,4.938918502061397
59,0.669659708626589
60,7.301414426512494
61,0.22271527107695716
62,0.49782670440313265
63,4.728114048600261
64,0.2811424375206043
65,5.854396322269966
66,1.1737602238414035
67,1.1444398414938166
68,1.829984057385143
69,0.396091293091315
70,8.672127334518024
71,0.7628776977128391
72,5.261569873383022
73,0.6101321738856669
74,7.751891390068869
75,0.18874478923465504
76,3.0472610911413938
77,14.606671536056663
78,2.155815266364417
79,4.976597943959681
80,0.11623349980281397
81,3.795714690260488
82,0.8690453605096763
83,1.3497294764593852
84,1.5508262469520355
85,0.2192020219943373
86,8.01079061802237
87,0.6115454795144812
88,0.4445468785184725
89,3.3484258056884695
90,0.36683189591265164
91,1.8481603743833555
92,1.11821580908706
93,2.4635072746782427
94,1.7714765049852748
95,2.7676333532698445
96,0.5856387507309789
97,4.311259209770081
98,0.41970638919661596
99,0.6779147827616336
100,4.376853787723551
101,0.22254499230505537
102,8.362306206860998
103,1.009200336934538
104,9.76960055654597
105,5.875402047558026
106,22.226294092704844
107,6.9932589683207835
108,1.785749462879172
109,13.248931839167952
110,2.433547943515965
111,9.911605587075206
112,0.32734152304813
113,4.562966480384528
114,0.18696621441238695
115,0.5474431473135342
116,3.7619347068767754
117,0.11763040975557586
118,2.449273304649263
119,0.7760551953544697
120,1.54940212696534
121,0.1457347268300982
122,1.4100904988402676
123,12.388825429730373
124,2.08344603237568
125,9.179324769872377
126,3.981661197618478
127,19.13968978230298
128,28.64475341482242
129,14.421868447306792
130,34.1029532341462
131,11.961539057506117
132,7.537473990515146
133,1.8141351606314564
134,10.416493618505303
135,0.9270324820501185
136,4.689763503687233
137,17.70977319029315
138,3.3326023849799293
139,7.007798467809829
140,0.22111948803199122
141,5.361199920180311
142,29.581709353109815
143,14.976645479531639
144,35.16773476466834
145,12.541873142629584
146,23.843756564602
147,48.452497078470785
148,20.938925787573982
149,28.86879731229297
150,8.945717846931558
151,25.674529106342735
152,4.999353207321274
153,18.529367392224486
154,3.6677491415125916
155,7.44521376367862
156,0.17408733850210656
157,5.82417226894772
158,14.10054078801739
159,1.9417046939828408
160,12.009440853160527
161,3.5371431575504104
162,14.096688837838812
163,5.488354129349172
164,17.845653428609708
165,3.7790952556897324
166,10.040467773216545
167,26.815418301209146
168,7.861150459431137
169,13.22844770011988
170,1.8646716838772526
171,10.75969295741226
172,1.1509476026975531
173,6.8471718017245955
174,0.544857000131484
175,1.7597473382672657
176,3.047924362209537
177,0.8642193067789814
178,4.100076921403044
179,0.5005442764872804
180,2.7344904497887947
181,0.25892191926721764
182,10.396475112499463
183,27.681430138789363
184,8.242714851612677
185,13.712280631637551
186,1.8640571699962463
187,11.26908294182855
188,22.044092956787914
189,5.308159826288574
190,19.13083682685295
191,7.7735432526368875
192,4.338722524329909
193,0.2547424340154688
194,2.9986931056142794
195,0.14094566903015576
196,1.3732642645908921
197,12.697055377838748
198,4.486302530645702
199,16.32277561785101
200,2.981997227644966
201,8.895828462799738
202,25.149952778737116
203,6.921464719673038
204,11.960564038944444
205,1.322567805415745
206,9.696762866895527
207,0.673177624427933
208,5.848575611399749
209,0.272040592520568
210,1.1587330092390133
211,3.1726898158952137
212,0.46815854840943316
213,3.3564748806614584
214,0.48272201845962304
215,2.1958419797059126
216,0.11785531048092784
217,9.294055974059777
218,26.058184788294454
219,7.345249283831697
220,12.486617142439233
221,1.364173463511859
222,10.248373023288938
223,20.675841755876263
224,4.665688408090853
225,17.9675391966
226,7.0078274836805345
227,3.637340655565443
228,0.2791403479649318
229,2.502264807508517
230,0.042099232220986285
231,1.1318301160683888
232,2.892653732023512
233,11.82299256038202
234,1.6693605050380445
235,4.248154079615334
236,1.6850138498067437
237,2.7354234237076525
238,8.122381251849372
239,0.6715313531827474
240,6.139592155815726
241,1.1766096079847954
242,1.0387633383002903
243,6.239866479818563
244,0.6292009534859784
245,4.1657645432869845
246,0.9404979859313969
247,8.449664662402238
248,0.5143673183369348
249,6.492432619267209
250,1.1472711653737322
251,3.9134873500327285
252,0.6659722147295286
253,0.07236840828780353
254,1.0724203315341159
255,0.6237413665026016
256,2.2159112144622846
257,1.4092937812306114
258,3.1732477750082957
259,11.224114947608719
260,1.737558466602839
261,13.582894073556066
262,5.59473158139137
263,0.5258263291175601
264,7.483452267212751
265,3.598057609118353
266,18.146175372748928
267,5.197340866017519
268,1.4492306485461062
269,0.6183727774520453
270,2.720547123709024
271,1.4294822450786753
272,0.9804721532492808
273,7.50029772823833
274,1.321523180749946
275,1.6908039645446387
276,3.1025212425916373
277,1.7424175631230883
278,5.344175663750009
279,0.7852749097734943
280,7.25845340247001
281,3.4753272837117404
282,17.53899760194364
283,5.100167593509526
284,1.6256425987773844
285,10.801603248151247
286,2.780424468449205
287,8.082332775323204
288,0.7073826791611857
289,5.873253973155663
290,0.1416383335364715
291,7.409876904024905
292,1.9203559077499075
293,0.6063914968627864
294,2.9869203984931865
295,0.7936268982576331
296,10.764647625423414
297,1.5707539600786964
298,16.238942605012372
299,3.8462518651596875
300,18.878733806974985
301,12.533033404186472
302,35.15600717153715
303,14.883387177226869
304,6.368351278049126
305,24.103615376541775
306,8.24864661096356
307,19.547284082926097
308,1.7162176257574244
309,0.912257713167599
310,2.808339169399323
311,0.7173142084998995
312,10.203887490267006
313,1.5199983232195828
314,0.5441148243771372
315,5.142978437286208
316,0.8767404989708556
317,3.2936529272389077
318,6.046851259700587
319,23.29766791279456
320,7.952703645513641
321,18.86916221141363
322,11.596469097701242
323,0.9354257034457351
324,6.498878858736805
325,0.24643700706238827
326,8.24045536026475
327,2.4033930816177156
328,0.5686024586753693
329,3.674911143019698
330,1.1534197213668087
331,11.85022023124652
332,2.1355003538465764
333,17.388849111027362
334,4.4753321591194535
335,20.233593883648684
336,13.55969555944283
337,36.908449109507444
338,16.115002903141935
339,7.252425721592152
340,25.713469602798728
341,9.33767462516529
342,21.033893958424418
343,2.2414749716023525
344,0.9166888469573022
345,3.5385500859029553
346,1.1193272035861952
347,11.331680268067231
348,2.126964888964583
349,0.8035401077500992
350,6.1281835033731
351,1.3411193530025218
352,4.155613642567166
353,6.973145875220733
354,24.949742311028633
355,9.08395183169249
356,20.397992258889076
357,12.98271143346335
358,10.583245275452171
359,1.4246691649309504
360,12.605833852995385
361,7.624036686648381
362,26.395693200248196
363,9.357187835269382
364,2.993252149609294
365,16.877198994351076
366,4.25634485810433
367,13.067568312757516
368,19.117741103841663
369,45.653640988768345
370,21.954060523556034
371,39.26483011584115
372,27.53455184921244
373,2.760389938886754
374,16.159889338229867
375,4.04903970028041
376,12.478084248871049
377,6.739288724256918
378,26.699880456735173
379,4.7915150864024945
380,0.4013420676127454
381,7.198230284891832
382,0.12953361688965076
383,2.7358384583082898
384,13.950377904319446
385,1.99397156745923
386,4.581568992930067
387,0.21565448160523304
388,3.550264673158792
389,1.0551068610689307
390,1.1909199781145239
391,1.8864666814392068
392,0.3216572043570818
393,8.607695733217145
394,0.8635795958051429
395,0.4443695343210345
396,3.842698394323065
397,0.5162334856431308
398,2.2588266448214407
399,3.1882249152586954
400,14.912768859567148
401,2.4719150773082568
402,5.161781042115223
403,0.3114190853917128
404,4.156033775242568
405,11.27597611409376
406,1.5379044885122153
407,9.800170407095141
408,2.661038522578966
409,0.7793942549153849
410,3.6932756695187394
411,0.8768152591361011
412,2.2372295122518646
413,1.2519308546407752
414,0.1883287681334712
415,4.079082726565753
416,0.19753239342564538
417,0.3248240742023655
418,4.03376556659764
419,0.04459027057232443
420,2.124021704977912
421,0.9452535285151513
422,1.3737294612219064
423,0.23132674179427015
424,1.5823230325612747
425,13.05550789628341
426,2.405257500024604
427,9.762400918228902
428,4.462104819414826
429,2.505464061221142
430,0.8422484393597041
431,1.7807288703637552
432,0.2561472448735726
433,0.9473338880740776
434,4.241737993903323
435,0.09851536684236976
436,3.4684431132194264
437,0.31267256279324807
438,0.1117663221526315
439,4.5464875972618355
440,0.036486089181294645
441,1.7683762412148443
442,1.3153878474660128
443,1.2230375681175425
444,0.478216709986499
445,1.8935469009453905
446,14.09251154738146
447,2.9214349390674244
448,10.676160218568317
449,5.233276408040904
450,2.192038769435194
451,1.2546029302876862
452,1.6722571492365117
453,0.5452573850429219
454,1.0938563165300927
455,5.055129754506521
456,0.44197090966853736
457,8.063838519639813
458,0.6477027527124691
459,5.517432153607418
460,1.751033643891597
461,15.667190268629763
462,1.619304626006093
