group,subject,stimulation,response
ANH,11,0.0,-0.03479116533333334
ANH,11,25.0,-0.33828178033333334
ANH,11,50.0,-0.9372608063333333
ANH,11,75.0,-1.1787397066666667
ANH,11,100.0,-1.2891558806666665
ANH,11,125.0,-1.2926692566666667
ANH,11,150.0,-1.3175504603333335
ANH,11,175.0,-1.2959281206666666
ANH,11,200.0,-1.2766774896666668
ANH,11,225.0,-1.261883259
ANH,11,250.0,-1.2320719956666666
ANH,11,275.0,-1.2069126366666667
ANH,11,300.0,-1.183673779
ANH,12,0.0,-0.036940947749999994
ANH,12,25.0,-0.199996736
ANH,12,50.0,-0.33430140475000003
ANH,12,75.0,-0.39876338475
ANH,12,100.0,-0.436250776
ANH,12,125.0,-0.45669976625
ANH,12,150.0,-0.4939409495
ANH,12,175.0,-0.49873635925
ANH,12,200.0,-0.51589775075
ANH,12,225.0,-0.52316365375
ANH,12,250.0,-0.5223878025
ANH,12,275.0,-0.493939899
ANH,12,300.0,-0.46816053225
ANH,13,0.0,-0.0355072016
ANH,13,25.0,-0.267496562
ANH,13,50.0,-0.6429246008
ANH,13,75.0,-0.8163341404000001
ANH,13,100.0,-0.9109769224
ANH,13,125.0,-0.9643935800000001
ANH,13,150.0,-1.0311248661999999
ANH,13,175.0,-1.0462718845999999
ANH,13,200.0,-1.0863340855999999
ANH,13,225.0,-1.1092702864
ANH,13,250.0,-1.1221767662
ANH,13,275.0,-1.1055223286
ANH,13,300.0,-1.1194397866
ANH,14,0.0,-0.040740967
ANH,14,25.0,-0.2218607295
ANH,14,50.0,-0.5614722965
ANH,14,75.0,-0.7349122164999999
ANH,14,100.0,-0.8521579205
ANH,14,125.0,-0.9419894520000001
ANH,14,150.0,-0.9960230290000001
ANH,14,175.0,-1.0189020335
ANH,14,200.0,-1.0618155895
ANH,14,225.0,-1.0841301385
ANH,14,250.0,-1.119121134
ANH,14,275.0,-1.1353634595000002
ANH,14,300.0,-1.149185181
ANH,15,0.0,-0.04894310500000001
ANH,15,25.0,-0.24527957033333334
ANH,15,50.0,-0.6216052769999999
ANH,15,75.0,-0.713824153
ANH,15,100.0,-0.7360328833333334
ANH,15,125.0,-0.7307590046666667
ANH,15,150.0,-0.7484360536666667
ANH,15,175.0,-0.7188486653333334
ANH,15,200.0,-0.7006238499999999
ANH,15,225.0,-0.686862687
ANH,15,250.0,-0.623335004
ANH,15,275.0,-0.6174722313333333
ANH,15,300.0,-0.570630034
ANH,16,0.0,-0.04153417433333333
ANH,16,25.0,-0.37229992466666667
ANH,16,50.0,-0.7527053356666666
ANH,16,75.0,-0.973771433
ANH,16,100.0,-1.042194724
ANH,16,125.0,-1.1367745003333332
ANH,16,150.0,-1.1648152173333333
ANH,16,175.0,-1.2031719383333332
ANH,16,200.0,-1.2373789946666667
ANH,16,225.0,-1.2226344943333334
ANH,16,250.0,-1.2337478696666666
ANH,16,275.0,-1.23518007
ANH,16,300.0,-1.229305039
RES,101,0.0,-0.035632491
RES,101,25.0,-0.25520178649999997
RES,101,50.0,-0.638330117
RES,101,75.0,-0.7004217505
RES,101,100.0,-0.7102923839999999
RES,101,125.0,-0.6946018935
RES,101,150.0,-0.7146446559999999
RES,101,175.0,-0.706484526
RES,101,200.0,-0.712352693
RES,101,225.0,-0.7085648625000001
RES,101,250.0,-0.690549284
RES,101,275.0,-0.6945248545
RES,101,300.0,-0.694093436
RES,102,0.0,-0.041518886500000005
RES,102,25.0,-0.38183869425000005
RES,102,50.0,-0.60961984475
RES,102,75.0,-0.6710633075
RES,102,100.0,-0.7726477384999999
RES,102,125.0,-0.84834834175
RES,102,150.0,-0.8820280952499999
RES,102,175.0,-0.9169388187499999
RES,102,200.0,-0.9228921979999999
RES,102,225.0,-0.9517724142499999
RES,102,250.0,-0.9406077340000001
RES,102,275.0,-0.9445753619999999
RES,102,300.0,-0.96316616975
RES,103,0.0,-0.040775302666666666
RES,103,25.0,-0.26830631266666666
RES,103,50.0,-0.4728901136666666
RES,103,75.0,-0.5568565233333334
RES,103,100.0,-0.593340556
RES,103,125.0,-0.6273630263333333
RES,103,150.0,-0.6199766296666667
RES,103,175.0,-0.6141097446666667
RES,103,200.0,-0.621177683
RES,103,225.0,-0.6268283226666668
RES,103,250.0,-0.6132719416666667
RES,103,275.0,-0.6142178776666666
RES,103,300.0,-0.5896865526666667
RES,104,0.0,-0.021025224
RES,104,25.0,-0.33478915699999995
RES,104,50.0,-0.6576664746666667
RES,104,75.0,-0.7691469889999999
RES,104,100.0,-0.8467512623333334
RES,104,125.0,-0.9021992683333334
RES,104,150.0,-0.9488191803333333
RES,104,175.0,-0.9746384616666668
RES,104,200.0,-1.0112046203333331
RES,104,225.0,-1.04481856
RES,104,250.0,-1.0479476250000002
RES,104,275.0,-1.0763931673333333
RES,104,300.0,-1.0617931883333334
RES,105,0.0,-0.020219902666666668
RES,105,25.0,-0.22345401833333334
RES,105,50.0,-0.38334349800000006
RES,105,75.0,-0.4413378436666667
RES,105,100.0,-0.503689031
RES,105,125.0,-0.5235757033333334
RES,105,150.0,-0.5561933419999999
RES,105,175.0,-0.5659639236666667
RES,105,200.0,-0.5858457686666667
RES,105,225.0,-0.5850860276666667
RES,105,250.0,-0.604032437
RES,105,275.0,-0.5984490316666666
RES,105,300.0,-0.5680591363333334
